post_title,post_name,post_status,sku,stock_status,images,tax:product_type,tax:product_cat,description,attribute:גודל,attribute_data:גודל
כיסוי כיסא אלסטי רודוס – אפור כהה,כיסוי-כיסא-אלסטי-רודוס-אפור-כהה,publish,43906,instock,"https://ashram.style/wp-content/uploads/2024/11/רודוס-כיסוי-כסא-אפור-כהה_result.webp | https://ashram.style/wp-content/uploads/2024/11/רודוס-אפור-כהה-תקריב_result.webp",variable,36,"ברוכים הבאים למשפחה

פנקו את עצמכם עם כיסוי הכיסא האלסטי שלנו דגם רודוס המשדרג את פינת האוכל

שדרגו את מראה פינת האוכל שלכם, שפרו את הלוק והוסיפו שכבת הגנה, קלילה ונעימה לכיסאות שלכם

כיסוי כיסא אלסטי נוח וקל להלבשה

בד אלסטי נמתח במיוחד

בד סופח לכלוך ומתנקה בקלות

הוראות כביסה – ניתן לכבס במים קרים | 30 מעלות

———————————————–

הרכב הבד: 6% ספנדקס94% פוליאסטר

ספנדקס בד איכותי אשר ידאג לשמר את הספה שלכם לעוד שנים ארוכות .

———————————————–

מידות ופרטים נוספים:

כיסא:

2 יח – 35/35/50 ס”מ ( בד אלסטי)

שימו התמונות שאנו מציגים הן הצבע המדויק ביותר האפשרי. בשל צגי מחשב שונים, איננו יכולים להיות אחראים לכל הבדלי צבע בין המוצר בפועל לבין המסך בו מוצג המוצר. יש לצפות לשינויים בשל אופי הייצור שהופך כל פריט לייחודי.","בחירת אפשרות | כיסוי-כסא-2-יחידות","1 | 1"
כיסוי כיסא אלסטי רודוס – שחור,כיסוי-כיסא-אלסטי-רודוס-שחור,publish,43910,instock,"https://ashram.style/wp-content/uploads/2024/11/רודוס-כיסוי-כסא-שחור_result.webp | https://ashram.style/wp-content/uploads/2024/11/רודוס-שחור-תקריב_result.webp",variable,36,"ברוכים הבאים למשפחה

פנקו את עצמכם עם כיסוי הכיסא האלסטי שלנו דגם רודוס המשדרג את פינת האוכל

שדרגו את מראה פינת האוכל שלכם, שפרו את הלוק והוסיפו שכבת הגנה, קלילה ונעימה לכיסאות שלכם

כיסוי כיסא אלסטי נוח וקל להלבשה

בד אלסטי נמתח במיוחד

בד סופח לכלוך ומתנקה בקלות

הוראות כביסה – ניתן לכבס במים קרים | 30 מעלות

———————————————–

הרכב הבד: 6% ספנדקס94% פוליאסטר

ספנדקס בד איכותי אשר ידאג לשמר את הספה שלכם לעוד שנים ארוכות .

———————————————–

מידות ופרטים נוספים:

כיסא:

2 יח – 35/35/50 ס”מ ( בד אלסטי)

שימו התמונות שאנו מציגים הן הצבע המדויק ביותר האפשרי. בשל צגי מחשב שונים, איננו יכולים להיות אחראים לכל הבדלי צבע בין המוצר בפועל לבין המסך בו מוצג המוצר. יש לצפות לשינויים בשל אופי הייצור שהופך כל פריט לייחודי.","בחירת אפשרות | כיסוי-כסא-2-יחידות","1 | 1"
כיסוי כיסא אלסטי רודוס – אבן,כיסוי-כיסא-אלסטי-רודוס-אבן,publish,43902,instock,"https://ashram.style/wp-content/uploads/2024/11/רודוס-כיסוי-כסא-אבן_result.webp | https://ashram.style/wp-content/uploads/2024/11/רודוס-אבן-תקריב_result.webp",variable,36,"ברוכים הבאים למשפחה

פנקו את עצמכם עם כיסוי הכיסא האלסטי שלנו דגם רודוס המשדרג את פינת האוכל

שדרגו את מראה פינת האוכל שלכם, שפרו את הלוק והוסיפו שכבת הגנה, קלילה ונעימה לכיסאות שלכם

כיסוי כיסא אלסטי נוח וקל להלבשה

בד אלסטי נמתח במיוחד

בד סופח לכלוך ומתנקה בקלות

הוראות כביסה – ניתן לכבס במים קרים | 30 מעלות

———————————————–

הרכב הבד: 6% ספנדקס94% פוליאסטר

ספנדקס בד איכותי אשר ידאג לשמר את הספה שלכם לעוד שנים ארוכות .

———————————————–

מידות ופרטים נוספים:

כיסא:

2 יח – 35/35/50 ס”מ ( בד אלסטי)

שימו התמונות שאנו מציגים הן הצבע המדויק ביותר האפשרי. בשל צגי מחשב שונים, איננו יכולים להיות אחראים לכל הבדלי צבע בין המוצר בפועל לבין המסך בו מוצג המוצר. יש לצפות לשינויים בשל אופי הייצור שהופך כל פריט לייחודי.","בחירת אפשרות | כיסוי-כסא-2-יחידות","1 | 1"
כיסוי כיסא אלסטי רודוס – קפה,כיסוי-כיסא-אלסטי-רודוס-קפה,publish,43898,instock,"https://ashram.style/wp-content/uploads/2024/11/רודוס-כיסוי-כסא-קפה_result.webp | https://ashram.style/wp-content/uploads/2024/11/רודוס-קפה-תקריב_result.webp",variable,36,"ברוכים הבאים למשפחה

פנקו את עצמכם עם כיסוי הכיסא האלסטי שלנו דגם רודוס המשדרג את פינת האוכל

שדרגו את מראה פינת האוכל שלכם, שפרו את הלוק והוסיפו שכבת הגנה, קלילה ונעימה לכיסאות שלכם

כיסוי כיסא אלסטי נוח וקל להלבשה

בד אלסטי נמתח במיוחד

בד סופח לכלוך ומתנקה בקלות

הוראות כביסה – ניתן לכבס במים קרים | 30 מעלות

———————————————–

הרכב הבד: 6% ספנדקס94% פוליאסטר

ספנדקס בד איכותי אשר ידאג לשמר את הספה שלכם לעוד שנים ארוכות .

———————————————–

מידות ופרטים נוספים:

כיסא:

2 יח – 35/35/50 ס”מ ( בד אלסטי)

שימו התמונות שאנו מציגים הן הצבע המדויק ביותר האפשרי. בשל צגי מחשב שונים, איננו יכולים להיות אחראים לכל הבדלי צבע בין המוצר בפועל לבין המסך בו מוצג המוצר. יש לצפות לשינויים בשל אופי הייצור שהופך כל פריט לייחודי.","בחירת אפשרות | כיסוי-כסא-2-יחידות","1 | 1"
כיסוי כיסא אלסטי רודוס – מרווה,כיסוי-כיסא-אלסטי-רודוס-מרווה,publish,43894,instock,"https://ashram.style/wp-content/uploads/2024/11/רודוס-כיסוי-כסא-מרווה_result.webp | https://ashram.style/wp-content/uploads/2024/11/רודוס-מרווה-תקריב_result.webp",variable,36,"ברוכים הבאים למשפחה

פנקו את עצמכם עם כיסוי הכיסא האלסטי שלנו דגם רודוס המשדרג את פינת האוכל

שדרגו את מראה פינת האוכל שלכם, שפרו את הלוק והוסיפו שכבת הגנה, קלילה ונעימה לכיסאות שלכם

כיסוי כיסא אלסטי נוח וקל להלבשה

בד אלסטי נמתח במיוחד

בד סופח לכלוך ומתנקה בקלות

הוראות כביסה – ניתן לכבס במים קרים | 30 מעלות

———————————————–

הרכב הבד: 6% ספנדקס94% פוליאסטר

ספנדקס בד איכותי אשר ידאג לשמר את הספה שלכם לעוד שנים ארוכות .

———————————————–

מידות ופרטים נוספים:

כיסא:

2 יח – 35/35/50 ס”מ ( בד אלסטי)

שימו התמונות שאנו מציגים הן הצבע המדויק ביותר האפשרי. בשל צגי מחשב שונים, איננו יכולים להיות אחראים לכל הבדלי צבע בין המוצר בפועל לבין המסך בו מוצג המוצר. יש לצפות לשינויים בשל אופי הייצור שהופך כל פריט לייחודי.","בחירת אפשרות | כיסוי-כסא-2-יחידות","1 | 1"
כיסוי סלון אלסטי אנדרו – בג,כיסוי-סלון-אלסטי-אנדרו-בג,publish,43870,instock,"https://ashram.style/wp-content/uploads/2024/11/אנדרו-בג-כיסוי-ספה-4-מושבים_result.webp | https://ashram.style/wp-content/uploads/2024/11/אנדרו-בג-בד_result-1.webp | https://ashram.style/wp-content/uploads/2024/11/אנדרו-בג-כיסוי-ספה-3-מושבים_result.webp | https://ashram.style/wp-content/uploads/2024/11/אנדרו-בג-תדמית_result.webp | https://ashram.style/wp-content/uploads/2024/11/אנדרו-בג-תקריב_result.webp",variable,36,"ברוכים הבאים למשפחה

פנקו את עצמכם עם כיסויי הסלון האלסטי שלנו דגם אנדרו המשדרג כל חלל

שדרגו את מראה הסלון שלכם, שפרו את הלוק  והוסיפו שכבת הגנה, קלילה ונעימה לספה שלכם

כיסויי סלון אלסטי נוח וקל להלבשה

בד אלסטי נמתח במיוחד

בד סופח לכלוך ומתנקה בקלות

הוראות כביסה – ניתן לכבס במים קרים | 30 מעלות

———————————————–

הרכב הבד: 6% ספנדקס94% פוליאסטר

ספנדקס בד איכותי אשר ידאג לשמר את הספה שלכם לעוד שנים ארוכות .

———————————————–

מידות ופרטים נוספים:

כורסא:

70/115 ס”מ

כיסוי סלון:

3 מושבים 170/220

4 מושבים 240/310

שימו התמונות שאנו מציגים הן הצבע המדויק ביותר האפשרי. בשל צגי מחשב שונים, איננו יכולים להיות אחראים לכל הבדלי צבע בין המוצר בפועל לבין המסך בו מוצג המוצר. יש לצפות לשינויים בשל אופי הייצור שהופך כל פריט לייחודי.","בחירת אפשרות | 11570-כיסוי-כורסא | 220170-3-מושבים | 240310-4-מושבים","1 | 1 | 1 | 1"
כיסוי סלון אלסטי אנדרו – אבן,כיסוי-סלון-אלסטי-אנדרו-אבן,publish,43862,instock,"https://ashram.style/wp-content/uploads/2024/11/אנדרו-אבן-כיסוי-ספה-4-מושבים_result.webp | https://ashram.style/wp-content/uploads/2024/11/אנדרו-אבן-כיסוי-ספה-3-מושבים_result.webp | https://ashram.style/wp-content/uploads/2024/11/אנדרו-אבן-תקריב_result.webp",variable,36,"ברוכים הבאים למשפחה

פנקו את עצמכם עם כיסויי הסלון האלסטי שלנו דגם אנדרו המשדרג כל חלל

שדרגו את מראה הסלון שלכם, שפרו את הלוק  והוסיפו שכבת הגנה, קלילה ונעימה לספה שלכם

כיסויי סלון אלסטי נוח וקל להלבשה

בד אלסטי נמתח במיוחד

בד סופח לכלוך ומתנקה בקלות

הוראות כביסה – ניתן לכבס במים קרים | 30 מעלות

———————————————–

הרכב הבד: 6% ספנדקס94% פוליאסטר

ספנדקס בד איכותי אשר ידאג לשמר את הספה שלכם לעוד שנים ארוכות .

———————————————–

מידות ופרטים נוספים:

כורסא:

70/115 ס”מ

כיסוי סלון:

3 מושבים 170/220

4 מושבים 240/310

שימו התמונות שאנו מציגים הן הצבע המדויק ביותר האפשרי. בשל צגי מחשב שונים, איננו יכולים להיות אחראים לכל הבדלי צבע בין המוצר בפועל לבין המסך בו מוצג המוצר. יש לצפות לשינויים בשל אופי הייצור שהופך כל פריט לייחודי.","בחירת אפשרות | 11570-כיסוי-כורסא | 220170-3-מושבים | 240310-4-מושבים","1 | 1 | 1 | 1"
כיסוי סלון אלסטי אנדרו – ירוק,כיסוי-סלון-אלסטי-אנדרו-ירוק,publish,43879,instock,"https://ashram.style/wp-content/uploads/2024/11/אנדרו-מרווה-כיסוי-ספה-4-מושבים_result.webp | https://ashram.style/wp-content/uploads/2024/11/אנדרו-מרווה-בד_result.webp | https://ashram.style/wp-content/uploads/2024/11/אנדרו-מרווה-כיסוי-ספה-3-מושבים_result.webp | https://ashram.style/wp-content/uploads/2024/11/אנדרו-מרווה-תדמית_result.webp",variable,36,"ברוכים הבאים למשפחה

פנקו את עצמכם עם כיסויי הסלון האלסטי שלנו דגם אנדרו המשדרג כל חלל

שדרגו את מראה הסלון שלכם, שפרו את הלוק  והוסיפו שכבת הגנה, קלילה ונעימה לספה שלכם

כיסויי סלון אלסטי נוח וקל להלבשה

בד אלסטי נמתח במיוחד

בד סופח לכלוך ומתנקה בקלות

הוראות כביסה – ניתן לכבס במים קרים | 30 מעלות

———————————————–

הרכב הבד: 6% ספנדקס94% פוליאסטר

ספנדקס בד איכותי אשר ידאג לשמר את הספה שלכם לעוד שנים ארוכות .

———————————————–

מידות ופרטים נוספים:

כורסא:

70/115 ס”מ

כיסוי סלון:

3 מושבים 170/220

4 מושבים 240/310

שימו התמונות שאנו מציגים הן הצבע המדויק ביותר האפשרי. בשל צגי מחשב שונים, איננו יכולים להיות אחראים לכל הבדלי צבע בין המוצר בפועל לבין המסך בו מוצג המוצר. יש לצפות לשינויים בשל אופי הייצור שהופך כל פריט לייחודי.","בחירת אפשרות | 11570-כיסוי-כורסא | 220170-3-מושבים | 240310-4-מושבים","1 | 1 | 1 | 1"
כיסוי כיסא אלסטי רודוס – שמנת,כיסוי-כיסא-אלסטי-רודוס-שמנת,publish,43887,instock,"https://ashram.style/wp-content/uploads/2024/11/רודוס-כיסוי-כסא-שמנת_result.webp | https://ashram.style/wp-content/uploads/2024/11/רודוס-שמנת-תקירב_result.webp",variable,36,"ברוכים הבאים למשפחה

פנקו את עצמכם עם כיסוי הכיסא האלסטי שלנו דגם רודוס המשדרג את פינת האוכל

שדרגו את מראה פינת האוכל שלכם, שפרו את הלוק והוסיפו שכבת הגנה, קלילה ונעימה לכיסאות שלכם

כיסוי כיסא אלסטי נוח וקל להלבשה

בד אלסטי נמתח במיוחד

בד סופח לכלוך ומתנקה בקלות

הוראות כביסה – ניתן לכבס במים קרים | 30 מעלות

———————————————–

הרכב הבד: 6% ספנדקס94% פוליאסטר

ספנדקס בד איכותי אשר ידאג לשמר את הספה שלכם לעוד שנים ארוכות .

———————————————–

מידות ופרטים נוספים:

כיסא:

2 יח – 35/35/50 ס”מ ( בד אלסטי)

שימו התמונות שאנו מציגים הן הצבע המדויק ביותר האפשרי. בשל צגי מחשב שונים, איננו יכולים להיות אחראים לכל הבדלי צבע בין המוצר בפועל לבין המסך בו מוצג המוצר. יש לצפות לשינויים בשל אופי הייצור שהופך כל פריט לייחודי.","בחירת אפשרות | כיסוי-כסא-2-יחידות","1 | 1"